timestamp,cumulFlow
"""2025-04-05T06:34:27.000Z""",244.13
"""2025-04-05T06:44:27.000Z""",244.13
"""2025-04-05T06:54:27.000Z""",244.13
"""2025-04-05T07:04:27.000Z""",244.13
"""2025-04-05T07:14:27.000Z""",244.13
"""2025-04-05T07:24:27.000Z""",244.13
"""2025-04-05T07:34:27.000Z""",244.13
"""2025-04-05T07:44:27.000Z""",244.13
"""2025-04-05T07:54:27.000Z""",244.13
"""2025-04-05T08:04:27.000Z""",244.13
"""2025-04-05T08:14:27.000Z""",244.13
"""2025-04-05T08:24:27.000Z""",244.43
"""2025-04-05T08:34:27.000Z""",244.62
"""2025-04-05T08:44:27.000Z""",244.62
"""2025-04-05T08:54:27.000Z""",244.62
"""2025-04-05T09:04:27.000Z""",244.62
"""2025-04-05T09:14:27.000Z""",244.62
"""2025-04-05T09:24:27.000Z""",244.62
"""2025-04-05T09:34:27.000Z""",244.62
"""2025-04-05T09:44:27.000Z""",244.62
"""2025-04-05T09:54:27.000Z""",244.62
"""2025-04-05T10:04:27.000Z""",244.62
"""2025-04-05T10:14:27.000Z""",244.62
"""2025-04-05T10:24:27.000Z""",244.62
"""2025-04-05T10:34:27.000Z""",244.62
"""2025-04-05T10:44:27.000Z""",244.62
"""2025-04-05T10:54:27.000Z""",244.62
"""2025-04-05T11:04:27.000Z""",244.62
"""2025-04-05T11:14:27.000Z""",244.86
"""2025-04-05T11:24:27.000Z""",245.27
"""2025-04-05T11:34:27.000Z""",245.66
"""2025-04-05T11:44:27.000Z""",246.08
"""2025-04-05T11:54:27.000Z""",246.48
"""2025-04-05T12:04:27.000Z""",246.55
"""2025-04-05T12:14:27.000Z""",246.55
"""2025-04-05T12:24:27.000Z""",246.55
"""2025-04-05T12:34:27.000Z""",246.55
"""2025-04-05T12:44:27.000Z""",246.55
"""2025-04-05T12:54:27.000Z""",246.55
"""2025-04-05T13:04:27.000Z""",246.55
"""2025-04-05T13:14:27.000Z""",246.55
"""2025-04-05T13:24:27.000Z""",246.55
"""2025-04-05T13:34:27.000Z""",246.55
"""2025-04-05T13:44:27.000Z""",246.55
"""2025-04-05T13:54:27.000Z""",246.55
"""2025-04-05T14:04:27.000Z""",246.55
"""2025-04-05T14:14:27.000Z""",246.55
"""2025-04-05T14:24:27.000Z""",246.55
"""2025-04-05T14:34:27.000Z""",246.55
"""2025-04-05T14:44:27.000Z""",246.55
"""2025-04-05T14:54:27.000Z""",246.55
"""2025-04-05T15:04:27.000Z""",246.55
"""2025-04-05T15:14:27.000Z""",246.55
"""2025-04-05T15:24:27.000Z""",246.55
"""2025-04-05T15:34:27.000Z""",246.55
"""2025-04-05T15:44:27.000Z""",246.55
"""2025-04-05T15:54:27.000Z""",246.55
"""2025-04-05T16:04:27.000Z""",246.55
"""2025-04-05T16:14:27.000Z""",246.55
"""2025-04-05T16:24:27.000Z""",246.55
"""2025-04-05T16:34:27.000Z""",246.55
"""2025-04-05T16:44:27.000Z""",246.55
"""2025-04-05T16:54:27.000Z""",246.55
"""2025-04-05T17:04:27.000Z""",246.55
"""2025-04-05T17:14:27.000Z""",246.55
"""2025-04-05T17:24:27.000Z""",246.55
"""2025-04-05T17:34:27.000Z""",246.55
"""2025-04-05T17:44:27.000Z""",246.55
"""2025-04-05T17:54:27.000Z""",246.55
"""2025-04-05T18:04:27.000Z""",246.55
"""2025-04-05T18:14:27.000Z""",246.55
"""2025-04-05T18:24:27.000Z""",246.55
"""2025-04-05T18:34:27.000Z""",246.55
"""2025-04-05T18:44:27.000Z""",246.55
"""2025-04-05T18:54:27.000Z""",246.55
"""2025-04-05T19:04:27.000Z""",246.55
"""2025-04-05T19:14:27.000Z""",246.55
"""2025-04-05T19:24:27.000Z""",246.55
"""2025-04-05T19:34:27.000Z""",246.55
"""2025-04-05T19:44:27.000Z""",246.55
"""2025-04-05T19:54:27.000Z""",246.55
"""2025-04-05T20:04:27.000Z""",246.55
"""2025-04-05T20:14:27.000Z""",246.55
"""2025-04-05T20:24:27.000Z""",246.55
"""2025-04-05T20:34:27.000Z""",246.55
"""2025-04-05T20:44:27.000Z""",246.55
"""2025-04-05T20:54:27.000Z""",246.55
"""2025-04-05T21:04:27.000Z""",246.55
"""2025-04-05T21:14:27.000Z""",246.55
"""2025-04-05T21:24:27.000Z""",246.55
"""2025-04-05T21:34:27.000Z""",246.55
"""2025-04-05T21:44:27.000Z""",246.55
"""2025-04-05T21:54:27.000Z""",246.55
"""2025-04-05T22:04:27.000Z""",246.55
"""2025-04-05T22:14:27.000Z""",246.55
"""2025-04-05T22:24:27.000Z""",246.55
"""2025-04-05T22:34:27.000Z""",246.55
"""2025-04-05T22:44:27.000Z""",246.55
"""2025-04-05T22:54:27.000Z""",246.55
"""2025-04-05T23:04:27.000Z""",246.55
"""2025-04-05T23:14:27.000Z""",246.55
"""2025-04-05T23:24:27.000Z""",246.55
"""2025-04-05T23:34:27.000Z""",246.55
"""2025-04-05T23:44:27.000Z""",246.55
"""2025-04-05T23:54:27.000Z""",246.55
"""2025-04-06T00:04:27.000Z""",246.55
"""2025-04-06T00:14:27.000Z""",246.55
"""2025-04-06T00:24:27.000Z""",246.55
"""2025-04-06T00:34:27.000Z""",246.55
"""2025-04-06T00:44:27.000Z""",246.55
"""2025-04-06T00:54:27.000Z""",246.55
"""2025-04-06T01:04:27.000Z""",246.55
"""2025-04-06T01:14:27.000Z""",246.55
"""2025-04-06T01:24:27.000Z""",246.55
"""2025-04-06T01:34:27.000Z""",246.55
"""2025-04-06T01:44:27.000Z""",246.55
"""2025-04-06T01:54:27.000Z""",246.55
"""2025-04-06T02:04:27.000Z""",246.55
"""2025-04-06T02:14:27.000Z""",246.55
"""2025-04-06T02:24:27.000Z""",246.55
"""2025-04-06T02:34:27.000Z""",246.55
"""2025-04-06T02:44:27.000Z""",246.55
"""2025-04-06T02:54:27.000Z""",246.55
"""2025-04-06T03:04:27.000Z""",246.55
"""2025-04-06T03:14:27.000Z""",246.55
"""2025-04-06T03:24:27.000Z""",246.55
"""2025-04-06T03:34:27.000Z""",246.55
"""2025-04-06T03:44:27.000Z""",246.55
"""2025-04-06T03:54:27.000Z""",246.55
"""2025-04-06T04:04:27.000Z""",246.55
"""2025-04-06T04:14:27.000Z""",246.55
"""2025-04-06T04:24:27.000Z""",246.55
"""2025-04-06T04:34:27.000Z""",246.55
"""2025-04-06T04:44:27.000Z""",246.55
"""2025-04-06T04:54:27.000Z""",246.55
"""2025-04-06T05:04:27.000Z""",246.55
"""2025-04-06T05:14:27.000Z""",246.55
"""2025-04-06T05:24:27.000Z""",246.55
"""2025-04-06T05:34:27.000Z""",246.55
"""2025-04-06T05:44:27.000Z""",246.55
"""2025-04-06T05:54:27.000Z""",246.55
"""2025-04-06T06:04:27.000Z""",246.55
"""2025-04-06T06:14:27.000Z""",246.55
"""2025-04-06T06:24:27.000Z""",246.55
"""2025-04-06T06:34:27.000Z""",246.55
"""2025-04-06T06:44:27.000Z""",246.55
"""2025-04-06T06:54:27.000Z""",246.55
"""2025-04-06T07:04:27.000Z""",246.55
"""2025-04-06T07:14:27.000Z""",246.55
"""2025-04-06T07:24:27.000Z""",246.55
"""2025-04-06T07:34:27.000Z""",246.55
"""2025-04-06T07:44:27.000Z""",246.55
"""2025-04-06T07:54:27.000Z""",246.55
"""2025-04-06T08:04:27.000Z""",246.55
"""2025-04-06T08:14:27.000Z""",246.55
"""2025-04-06T08:24:27.000Z""",246.55
"""2025-04-06T08:34:27.000Z""",246.55
"""2025-04-06T08:44:27.000Z""",246.55
"""2025-04-06T08:54:27.000Z""",246.55
"""2025-04-06T09:04:27.000Z""",246.55
"""2025-04-06T09:14:27.000Z""",246.55
"""2025-04-06T09:24:27.000Z""",246.55
"""2025-04-06T09:34:27.000Z""",246.55
"""2025-04-06T09:44:27.000Z""",246.55
"""2025-04-06T09:54:27.000Z""",246.55
"""2025-04-06T10:04:27.000Z""",246.55
"""2025-04-06T10:14:27.000Z""",246.55
"""2025-04-06T10:24:27.000Z""",246.55
"""2025-04-06T10:34:27.000Z""",246.55
"""2025-04-06T10:44:27.000Z""",246.55
"""2025-04-06T10:54:27.000Z""",246.55
"""2025-04-06T11:04:27.000Z""",246.55
"""2025-04-06T11:14:27.000Z""",246.55
"""2025-04-06T11:24:27.000Z""",246.55
"""2025-04-06T11:34:27.000Z""",246.55
"""2025-04-06T11:44:27.000Z""",246.55
"""2025-04-06T11:54:27.000Z""",246.55
"""2025-04-06T12:04:27.000Z""",246.55
"""2025-04-06T12:14:27.000Z""",246.55
"""2025-04-06T12:24:27.000Z""",246.55
"""2025-04-06T12:34:27.000Z""",246.55
"""2025-04-06T12:44:27.000Z""",246.55
"""2025-04-06T12:54:27.000Z""",246.55
"""2025-04-06T13:04:27.000Z""",246.55
"""2025-04-06T13:14:27.000Z""",246.55
"""2025-04-06T13:24:27.000Z""",246.55
"""2025-04-06T13:34:27.000Z""",246.55
"""2025-04-06T13:44:27.000Z""",246.55
"""2025-04-06T13:54:27.000Z""",246.55
"""2025-04-06T14:04:27.000Z""",246.55
"""2025-04-06T14:14:27.000Z""",246.55
"""2025-04-06T14:24:27.000Z""",246.55
"""2025-04-06T14:34:27.000Z""",246.55
"""2025-04-06T14:44:27.000Z""",246.55
"""2025-04-06T14:54:27.000Z""",246.55
"""2025-04-06T15:04:27.000Z""",246.55
"""2025-04-06T15:14:27.000Z""",246.55
"""2025-04-06T15:24:27.000Z""",246.55
"""2025-04-06T15:34:27.000Z""",246.55
"""2025-04-06T15:44:27.000Z""",246.55
"""2025-04-06T15:54:27.000Z""",246.55
"""2025-04-06T16:04:27.000Z""",246.55
"""2025-04-06T16:14:27.000Z""",246.55
"""2025-04-06T16:24:27.000Z""",246.55
"""2025-04-06T16:34:27.000Z""",246.55
"""2025-04-06T16:44:27.000Z""",246.55
"""2025-04-06T16:54:27.000Z""",246.55
"""2025-04-06T17:04:27.000Z""",246.55
"""2025-04-06T17:14:27.000Z""",246.55
"""2025-04-06T17:24:27.000Z""",246.55
"""2025-04-06T17:34:27.000Z""",246.55
"""2025-04-06T17:44:27.000Z""",246.55
"""2025-04-06T17:54:27.000Z""",246.55
"""2025-04-06T18:04:27.000Z""",246.55
"""2025-04-06T18:14:27.000Z""",246.55
"""2025-04-06T18:24:27.000Z""",246.55
"""2025-04-06T18:34:27.000Z""",246.55
"""2025-04-06T18:44:27.000Z""",246.55
"""2025-04-06T18:54:27.000Z""",246.55
"""2025-04-06T19:04:27.000Z""",246.55
"""2025-04-06T19:14:27.000Z""",246.55
"""2025-04-06T19:24:27.000Z""",246.55
"""2025-04-06T19:34:27.000Z""",246.55
"""2025-04-06T19:44:27.000Z""",246.55
"""2025-04-06T19:54:27.000Z""",246.55
"""2025-04-06T20:04:27.000Z""",246.55
"""2025-04-06T20:14:27.000Z""",246.55
"""2025-04-06T20:24:27.000Z""",246.55
"""2025-04-06T20:34:27.000Z""",246.55
"""2025-04-06T20:44:27.000Z""",246.55
"""2025-04-06T20:54:27.000Z""",246.55
"""2025-04-06T21:04:27.000Z""",246.55
"""2025-04-06T21:14:27.000Z""",246.55
"""2025-04-06T21:24:27.000Z""",246.55
"""2025-04-06T21:34:27.000Z""",246.55
"""2025-04-06T21:44:27.000Z""",246.55
"""2025-04-06T21:54:27.000Z""",246.55
"""2025-04-06T22:04:27.000Z""",246.55
"""2025-04-06T22:14:27.000Z""",246.55
"""2025-04-06T22:24:27.000Z""",246.55
"""2025-04-06T22:34:27.000Z""",246.55
"""2025-04-06T22:44:27.000Z""",246.55
"""2025-04-06T22:54:27.000Z""",246.55
"""2025-04-06T23:04:27.000Z""",246.55
"""2025-04-06T23:14:27.000Z""",246.55
"""2025-04-06T23:24:27.000Z""",246.55
"""2025-04-06T23:34:27.000Z""",246.55
"""2025-04-06T23:44:27.000Z""",246.55
"""2025-04-06T23:54:27.000Z""",246.55
"""2025-04-07T00:04:27.000Z""",246.55
"""2025-04-07T00:14:27.000Z""",246.55
"""2025-04-07T00:24:27.000Z""",246.55
"""2025-04-07T00:34:27.000Z""",246.55
"""2025-04-07T00:44:27.000Z""",246.55
"""2025-04-07T00:54:27.000Z""",246.55
"""2025-04-07T01:04:27.000Z""",246.55
"""2025-04-07T01:14:27.000Z""",246.55
"""2025-04-07T01:24:27.000Z""",246.55
"""2025-04-07T01:34:27.000Z""",246.55
"""2025-04-07T01:44:27.000Z""",246.55
"""2025-04-07T01:54:27.000Z""",246.55
"""2025-04-07T02:04:27.000Z""",246.55
"""2025-04-07T02:14:27.000Z""",246.55
"""2025-04-07T02:24:27.000Z""",246.55
"""2025-04-07T02:34:27.000Z""",246.55
"""2025-04-07T02:44:27.000Z""",246.55
"""2025-04-07T02:54:27.000Z""",246.55
"""2025-04-07T03:04:27.000Z""",246.55
"""2025-04-07T03:14:27.000Z""",246.55
"""2025-04-07T03:24:28.000Z""",246.55
"""2025-04-07T03:34:28.000Z""",246.55
"""2025-04-07T03:44:28.000Z""",246.55
"""2025-04-07T03:54:28.000Z""",246.55
"""2025-04-07T04:04:28.000Z""",246.55
"""2025-04-07T04:14:28.000Z""",246.55
"""2025-04-07T04:24:28.000Z""",246.55
"""2025-04-07T04:34:28.000Z""",246.55
"""2025-04-07T04:44:28.000Z""",246.55
"""2025-04-07T04:54:28.000Z""",246.55
"""2025-04-07T05:04:28.000Z""",246.55
"""2025-04-07T05:14:28.000Z""",246.55
"""2025-04-07T05:24:28.000Z""",246.55
"""2025-04-07T05:34:28.000Z""",246.55
"""2025-04-07T05:44:28.000Z""",246.55
"""2025-04-07T05:54:28.000Z""",246.55
"""2025-04-07T06:04:28.000Z""",246.55
"""2025-04-07T06:14:28.000Z""",246.55
"""2025-04-07T06:24:28.000Z""",246.55
"""2025-04-07T06:34:28.000Z""",246.55
"""2025-04-07T06:44:28.000Z""",246.55
"""2025-04-07T06:54:28.000Z""",246.55
"""2025-04-07T07:04:28.000Z""",246.55
"""2025-04-07T07:14:28.000Z""",246.55
"""2025-04-07T07:24:28.000Z""",246.55
"""2025-04-07T07:34:28.000Z""",246.55
"""2025-04-07T07:44:28.000Z""",246.55
"""2025-04-07T07:54:28.000Z""",246.55
"""2025-04-07T08:04:28.000Z""",246.55
"""2025-04-07T08:14:28.000Z""",246.55
"""2025-04-07T08:24:28.000Z""",246.55
"""2025-04-07T08:34:28.000Z""",246.55
"""2025-04-07T08:44:28.000Z""",246.55
"""2025-04-07T08:54:28.000Z""",246.89
"""2025-04-07T09:04:28.000Z""",247.29
"""2025-04-07T09:14:28.000Z""",247.69
"""2025-04-07T09:24:28.000Z""",248.08
"""2025-04-07T09:34:28.000Z""",248.47
"""2025-04-07T09:44:28.000Z""",248.47
"""2025-04-07T09:54:28.000Z""",248.47
"""2025-04-07T10:04:28.000Z""",248.47
"""2025-04-07T10:14:28.000Z""",248.47
"""2025-04-07T10:24:28.000Z""",248.47
"""2025-04-07T10:34:28.000Z""",248.47
"""2025-04-07T10:44:28.000Z""",248.47
"""2025-04-07T10:54:28.000Z""",248.47
"""2025-04-07T11:04:28.000Z""",248.47
"""2025-04-07T11:14:28.000Z""",248.47
"""2025-04-07T11:24:28.000Z""",248.47
"""2025-04-07T11:34:28.000Z""",248.47
"""2025-04-07T11:44:28.000Z""",248.47
"""2025-04-07T11:54:28.000Z""",248.47
"""2025-04-07T12:04:28.000Z""",248.47
"""2025-04-07T12:14:28.000Z""",248.47
"""2025-04-07T12:24:28.000Z""",248.47
"""2025-04-07T12:34:28.000Z""",248.47
"""2025-04-07T12:44:28.000Z""",248.47
"""2025-04-07T12:54:28.000Z""",248.47
"""2025-04-07T13:04:28.000Z""",248.47
"""2025-04-07T13:14:28.000Z""",248.47
"""2025-04-07T13:24:28.000Z""",248.47
"""2025-04-07T13:34:28.000Z""",248.47
"""2025-04-07T13:44:28.000Z""",248.47
"""2025-04-07T13:54:28.000Z""",248.47
"""2025-04-07T14:04:28.000Z""",248.47
"""2025-04-07T14:14:28.000Z""",248.47
"""2025-04-07T14:24:28.000Z""",248.47
"""2025-04-07T14:34:28.000Z""",248.47
"""2025-04-07T14:44:28.000Z""",248.47
"""2025-04-07T14:54:28.000Z""",248.47
"""2025-04-07T15:04:28.000Z""",248.47
"""2025-04-07T15:14:28.000Z""",248.47
"""2025-04-07T15:24:28.000Z""",248.47
"""2025-04-07T15:34:28.000Z""",248.47
"""2025-04-07T15:44:28.000Z""",248.47
"""2025-04-07T15:54:28.000Z""",248.47
"""2025-04-07T16:04:28.000Z""",248.47
"""2025-04-07T16:14:28.000Z""",248.47
"""2025-04-07T16:24:28.000Z""",248.47
"""2025-04-07T16:34:28.000Z""",248.47
"""2025-04-07T16:44:28.000Z""",248.47
"""2025-04-07T16:54:28.000Z""",248.47
"""2025-04-07T17:04:28.000Z""",248.47
"""2025-04-07T17:14:28.000Z""",248.47
"""2025-04-07T17:24:28.000Z""",248.47
"""2025-04-07T17:34:28.000Z""",248.47
"""2025-04-07T17:44:28.000Z""",248.47
"""2025-04-07T17:54:28.000Z""",248.47
"""2025-04-07T18:04:28.000Z""",248.47
"""2025-04-07T18:14:28.000Z""",248.47
"""2025-04-07T18:24:28.000Z""",248.47
"""2025-04-07T18:34:28.000Z""",248.47
"""2025-04-07T18:44:28.000Z""",248.47
"""2025-04-07T18:54:28.000Z""",248.47
"""2025-04-07T19:04:28.000Z""",248.47
"""2025-04-07T19:14:28.000Z""",248.47
"""2025-04-07T19:24:28.000Z""",248.47
"""2025-04-07T19:34:28.000Z""",248.47
"""2025-04-07T19:44:28.000Z""",248.47
"""2025-04-07T19:54:28.000Z""",248.47
"""2025-04-07T20:04:28.000Z""",248.47
"""2025-04-07T20:14:28.000Z""",248.47
"""2025-04-07T20:24:28.000Z""",248.47
"""2025-04-07T20:34:28.000Z""",248.47
"""2025-04-07T20:44:28.000Z""",248.47
"""2025-04-07T20:54:28.000Z""",248.47
"""2025-04-07T21:04:28.000Z""",248.47
"""2025-04-07T21:14:28.000Z""",248.47
"""2025-04-07T21:24:28.000Z""",248.47
"""2025-04-07T21:34:28.000Z""",248.47
"""2025-04-07T21:44:28.000Z""",248.47
"""2025-04-07T21:54:28.000Z""",248.47
"""2025-04-07T22:04:28.000Z""",248.47
"""2025-04-07T22:14:28.000Z""",248.47
"""2025-04-07T22:24:28.000Z""",248.47
"""2025-04-07T22:34:28.000Z""",248.47
"""2025-04-07T22:44:28.000Z""",248.47
"""2025-04-07T22:54:28.000Z""",248.47
"""2025-04-07T23:04:28.000Z""",248.47
"""2025-04-07T23:14:28.000Z""",248.47
"""2025-04-07T23:24:28.000Z""",248.47
"""2025-04-07T23:34:28.000Z""",248.47
"""2025-04-07T23:44:28.000Z""",248.47
"""2025-04-07T23:54:28.000Z""",248.47
"""2025-04-08T00:04:28.000Z""",248.47
"""2025-04-08T00:14:28.000Z""",248.47
"""2025-04-08T00:24:28.000Z""",248.47
"""2025-04-08T00:34:28.000Z""",248.47
"""2025-04-08T00:44:28.000Z""",248.47
"""2025-04-08T00:54:28.000Z""",248.47
"""2025-04-08T01:04:28.000Z""",248.47
"""2025-04-08T01:14:28.000Z""",248.47
"""2025-04-08T01:24:28.000Z""",248.47
"""2025-04-08T01:34:28.000Z""",248.47
"""2025-04-08T01:44:28.000Z""",248.47
"""2025-04-08T01:54:28.000Z""",248.47
"""2025-04-08T02:04:28.000Z""",248.47
"""2025-04-08T02:14:28.000Z""",248.47
"""2025-04-08T02:24:28.000Z""",248.47
"""2025-04-08T02:34:28.000Z""",248.47
"""2025-04-08T02:44:28.000Z""",248.47
"""2025-04-08T02:54:28.000Z""",248.47
"""2025-04-08T03:04:28.000Z""",248.47
"""2025-04-08T03:14:28.000Z""",248.47
"""2025-04-08T03:24:28.000Z""",248.47
"""2025-04-08T03:34:28.000Z""",248.47
"""2025-04-08T03:44:28.000Z""",248.47
"""2025-04-08T03:54:28.000Z""",248.47
"""2025-04-08T04:04:28.000Z""",248.47
"""2025-04-08T04:14:28.000Z""",248.47
"""2025-04-08T04:24:28.000Z""",248.47
"""2025-04-08T04:34:28.000Z""",248.47
"""2025-04-08T04:44:28.000Z""",248.47
"""2025-04-08T04:54:28.000Z""",248.47
"""2025-04-08T05:04:28.000Z""",248.47
"""2025-04-08T05:14:28.000Z""",248.47
"""2025-04-08T05:24:28.000Z""",248.47
"""2025-04-08T05:34:28.000Z""",248.47
"""2025-04-08T05:44:28.000Z""",248.47
"""2025-04-08T05:54:28.000Z""",248.47
"""2025-04-08T06:04:28.000Z""",248.47
"""2025-04-08T06:14:28.000Z""",248.47
"""2025-04-08T06:24:28.000Z""",248.47

